Locke ID	Entity ID	Vernacular Name	First name	Last name	Alias (alternate spellings, etc.)	Title(s)	Title full	Gender	Birthdate	Birth Location	Deathdate	Relationships	Leaves	Religion at Birth	Converted to	Date of Conversion	Communities	expertise	Notes
1	47678	Leonard Addison	Leonard	Addison	Leonard Addison			M		England		48378, 48379	no						
2	47686	William Aglionby	William	Aglionby	William Aglionby			M	1642-01-01T00:00:00Z	England	1705-11-28T00:00:00Z	47804, 49326	no				scholar, secular_official, FRS, professional	art_history, diplomat, foreign_customs, switzerland, physician, bonn	
3	47695	Aleaume		Aleaume	Alleaume					Rouen, France		50390	no						french
4	47704	Lady Anne Alford	Lady Anne	Alford	Lady Anne Alford, Ann née Corbet			F	1619-01-01T00:00:00Z	England	1693-01-01T00:00:00Z	47705	no	anglican					Mother of John Alford
5	47705	John Alford	John	Alford	John Alford			M	1647-01-01T00:00:00Z	England		47704	no	anglican			secular_official, landowner	pupil, politician	one of locke's students at christchurch, son of lady anne
6	47714	William Allestree	William	Allestree	William Allestree			M	1643-01-01T00:00:00Z	England	1690-01-01T00:00:00Z	50254	no	anglican			secular_official, scholar	foreign_customs, witchcraft, diplomat, politician, administrator	Fellow-student of Locke's at Christ Church Oxford. Wrote to him from Sweden. Possibly a 'scholar', since provost of Eton, briefly? (HRF Bourne)
7	47724	George Anderson	George	Anderson	George Anderson			M	1676-01-01T00:00:00Z	Scotland	1756-01-01T00:00:00Z		yes	church_of_scotland			professional	tutor, education	Wrote to locke asking for pedagogical advice
8	47732	[anonymous]		[anonymous]						place unknown			yes						
9	47749	Dorothy Ashley, countess of Shaftesbury	Dorothy	Ashley	Dorothy Ashley, countess of Shaftesbury, née Manners	countess	Countess of Shaftesbury	F		England	1698-01-01T00:00:00Z	48327, 48326, 48330, 49037	no	anglican			titled_nobility	patient	Third wife to Lord Ashley, patient of Locke's, sister of ann howe
10	47751	Francis Atkins	Francis	Atkins	Francis Atkins			M		place unknown			yes						Local & early friend of Locke's
11	47755	Noel Aubert de Versé	Noel	Aubert de Versé	Aubert, M. Aubert, 			M	1642-01-01T00:00:00Z	France	1714-01-01T00:00:00Z	48837, 50390, 49326	no	catholic	huguenot, catholic, freethinker, catholic	1662, 1670, 1685, 1689	clergy, scholar	translator, theologian, philosopher	
12	47759	John Aubrey	John	Aubrey	John Aubrey			M	1626-05-12T00:00:00Z	Easton Pierse, Wiltshire, England	1697-06-07T00:00:00Z	48034, 49071, 48327	no	anglican	freethinker, deist	1665	scholar, FRS	antiquary, biographer, astronomer, mathematician, astronomer, book_collector, natural_history	
13	47790	Sir John Banks	Sir John	Banks	Sir John Banks	knight, baronet	knight, baronet	M	1627-01-01T00:00:00Z	England	1699-01-01T00:00:00Z	50306, 48327, 49813, 50378	no	anglican			titled_nobility, professional, secular_official	finance, banking, merchant, politician	appointed locke to tutor his son Caleb in France in 1677-8
14	47793	Jean Barbeyrac	Jean	Barbeyrac	Jean Barbeyrac			M	1674-03-15T00:00:00Z	Béziers, Hérault, France	1744-01-01T00:00:00Z	48216	no	catholic			professional, scholar	physician, lawyer, philosopher, translator, theologian	Religious status is pretty dubious since he is a theologian
15	47804	W. Barker	W.	Barker	W. Barker			M		England		47686	no				secular_official	finance, administrator	Board of Trade
16	47806	Henry Barnard	Henry	Barnard	Sir Henry Barnard	knight	knight	M		Bridgenorth, Shropshire, England	1680-04-25T00:00:00Z		yes				professional, secular_official, landowner	merchant, politician	
17	47808	Joseph Barnes	Joseph	Barnes	Joseph Barnes			M		England		50303	no				professional	farming	tenant of Locke's estate in Buckill, Somerset, found ofr him by Stratton
18	47809	John Baron	John	Baron	John Baron			M	1670-01-01T00:00:00Z	Hanley Castle, near Upton-upon-Severn, Worcestershire, England	1722-01-01T00:00:00Z		yes	anglican			scholar	administrator, philosopher	Master of Balliol, Vice chancellor of Oxford from 1715, whig
19	47846	Mrs Anne Beavis	Mrs Anne	Beavis	Mrs Anne Beavis			F		England		47946	no				servant	administrator	Local friend of Locke
20	47851	E. Bedel	E.	Bedel	E. Bedel			F		England		48327, 48330	no				servant		"""One of Lady Ashley's female servants"" - Bradford William Short, Law And Medicine, 2004"
21	47861	Samuel Benson	Samuel	Benson	Samuel Benson			M	1647-01-01T00:00:00Z	England			yes	anglican			clergy, church_official	pupil, administrator	
22	47880	Alexander Beresford	Alexander	Beresford	Alexander Beresford			M		England			yes	anglican			professional, scholar	theologian, lawyer, latinist	
23	47883	Charles Berkeley, 2nd earl of Berkeley	Charles	Berkeley	Charles Berkeley, 2nd earl of Berkeley	knight, earl	knight, 2nd earl of Berkeley	M	1649-04-08T00:00:00Z	England	1710-09-24T00:00:00Z	47886, 48171, 47946	no	anglican			titled_nobility, FRS, secular_official, landowner	finance, diplomat, politician, administrator, pupil	son of George Berkeley, 1st earl, spent time as an envoy to Cosmo III, daughter married Robert Nelson
24	47884	Elizabeth Berkeley	Elizabeth	Berkeley	Elizabeth Berkeley, née Elizabeth Blake			F	1661-01-01T00:00:00Z	London, Greater London, England	1709-01-01T00:00:00Z	50427	no	puritan				pamphleteer, theologian	Not related to the earls of Berkeley, whig
25	47886	George Berkeley, 1st earl of Berkeley	George	Berkeley	George Berkeley, 1st earl of Berkeley	viscount, earl	viscount, 1st earl of Berkeley	M	1627-01-01T00:00:00Z	England	1698-10-14T00:00:00Z	47883, 49499, 49813, 48034, 48686	no	anglican			FRS, secular_official, professional, titled_nobility	book_collector, theologian, finance, farming, politician, administrator	father of charles
26	47888	Edward Bernard	Edward	Bernard	Edward Bernard			M	1638-05-02T00:00:00Z	Paulerspury, Northamptonshire, England	1697-01-12T00:00:00Z	50440, 48034, 50390, 48379, 49895	no	anglican			scholar, secular_official, FRS, clergy	mathematician, Arabist, translator, book_collector, astronomer, theologian	
27	47930	J. B.		J. B.	J. B.					England		47946	no						too little information to go on, although there is a theory that J. D. is a nome de plume for Margaret Beavis before she became Margaret Blomer. Otherwise, J.D. is a pseudonym for Locke. It is knotty. See John Locke: Ses Theories Politiques et leur influence en angleterre, charles bastide, slatkine, geneve 1970 p.54fn1.
28	47939	James Blair	James	Blair	James Blair			M	1656-01-01T00:00:00Z	Scotland	1743-08-01T00:00:00Z	49726, 49140, 48724	no	church_of_scotland	anglican	1685	clergy, church_official, secular_official, family	theologian, administrator, political_advocate, colonist, education	commissary' and founder of William and Mary coll
29	47946	Margaret Blomer	Margaret	Blomer	Margaret Blomer, née Beavis			F		England		47930, 47846, 47883, 48934, 48935	no	anglican			family, servant		see note for J.D. Also Locke's cousin.
30	47960	Samuel Bold	Samuel	Bold	Samuel Bold			M	1684-01-01T00:00:00Z	England	1737-08-01T00:00:00Z	48260, 48261, 48297, 48378, 48379, 48347	no	anglican			clergy, scholar	theologian, latitudinarian	defender of locke's work
31	47983	John Bonville	John	Bonville	John Bonville			M		England		50302, 49455, 48270, 48272, 48379, 50364	no	anglican			family, professional	finance, estate_manager, merchant	cousin of Locke's; worked with lyde and related to Stratton, helped run Locke's estates
32	48002	Richard Boulton	Richard	Boulton	Richard Boulton			M	1674-01-01T00:00:00Z	England	1724-01-01T00:00:00Z	48260	no	anglican			professional, scholar	physician, witchcraft	
33	48034	Robert Boyle	Robert	Boyle	Robert Boyle			M	1627-01-25T00:00:00Z	Lismore Castle, Lismore, county Waterford, Ireland		48293, 49724, 49753, 49813, 50322, 49507, 50364, 50440, 51613, 47759, 47886, 47888, 48276, 48354, 48475, 48670, 48686, 48788, 48887, 49089, 49163, 49308, 49895, 48207, 49014	no	anglican			scholar, FRS, secular_official, church_official	natural_philosopher, Arabist, chemist, philosopher, physician, latitudinarian, botanist, alchemist	
34	48045	Sir Brook Bridges, baronet	Sir Brook	Bridges, baronet	Sir Brook Bridges, baronet	baronet, knight	baronet, knight	M	1679-08-12T00:00:00Z	England	1727/8-03-16	48260	no	anglican			FRS, secular_official, professional, titled_nobility	lawyer, finance	no reln of thomas 
35	48048	Sir Thomas Bridges	Sir Thomas	Bridges	Sir Thomas Bridges	knight	knight	M	1617-01-01T00:00:00Z	Keynsham, Somerset	1707-01-01T00:00:00Z		yes	anglican			secular_official	finance	no reln of brook, one of Charles II's commissioners
36	48055	William Brockman	William	Brockman	William Brockman			M	1658-08-21T00:00:00Z	Beachborough Park, Kent, England	1741-02-02T00:00:00Z		yes	anglican			professional, secular_official	lawyer, foreign_customs, politician	
37	48063	Claude Brouchier	Claude	Brouchier	Claude Brouchier			M		France		48297	no	catholic			professional, scholar	physician, chemist	
38	48066	Mrs M. Brounower	Mrs M.	Brounower	Mrs M. Brounower née Spence			F		England		48067	no						Sylvester Brounower's wife
39	48067	Sylvester Brounower	Sylvester	Brounower	Sylvester Brounower			M		Switzerland	1699-01-01T00:00:00Z	48066, 50554, 48270, 48788, 48275, 49914, 48382	no				secular_official, scholar, servant	amanuensis, artist, administrator	locke's manservant
40	48080	Mme M. L. Brunyer	Mme M. L.	Brunyer	Mme M. L. Brunyer			F		Blois, Loir-et-Cher, France			yes				professional	merchant	refers to Locke's brother (?) & possibly knows him, but only one letter
41	48103	Mary Burges	Mary	Burges	Mary Burges			F		England		48270, 48272, 48271	no	anglican			servant	housekeeper	Housekeeper to Elizabeth Bluett in 1684, she became a member of the Clarke household in Chipley, where she corresponded with the philosopher John Locke. In 1698 she moved to London, where she probably became maid to Elizabeth Smith, Baroness Haversham (d. 1711), the wife of Maurice Thompson, 2nd Baron Haversham (1675–1745) (Bio from EE)
42	48109	Elizabeth Burnet	Elizabeth	Burnet	Elizabeth Burnet née Berkeley, also Elizabeth Blake			F	1661-11-08T00:00:00Z	England	1709-01-01T00:00:00Z	52531, 48327, 48110	no	puritan	anglican	1700	scholar	theologian, political_advocate, philanthropist	no relation of other two berkeleys, neighbour of locke's, wife of bishop of salisburym cousin to thomas
43	48110	Thomas Burnett, 2nd Laird of Kemnay	Thomas	Burnett	Thomas Burnett, 2nd laird of Kemnay	laird	2nd Laird of Kemnay	M	1656-01-01T00:00:00Z	Scotland	1689-01-01T00:00:00Z	48109, 49419, 48382, 48260, 52531	no	church_of_scotland			titled_nobility	foreign_customs, courtier, leibniz, diplomat	travelled to the court of hanover and stayed there in the mid/late- 1690s, cousin to elizabeth
44	48112	Ezekiel Burridge	Ezekiel	Burridge	Ezekiel Burridge			M	1661-01-01T00:00:00Z	Ireland	1707-01-01T00:00:00Z	48260, 49631, 48379, 49802	no	church_of_ireland			clergy, scholar	translator, theologian, latinist	sizar' of trinity
45	48113	Richard Burthogge	Richard	Burthogge	Richard Burthogge			M	1638-01-01T00:00:00Z	England	1705-01-01T00:00:00Z		yes	anglican			professional, scholar	theologian, philosopher, physician, landowner	idealist, latitudinarian, 
46	48115	Arthur Bury	Arthur	Bury	Arthur Bury			M	1624-01-01T00:00:00Z	England	1713-05-03T00:00:00Z	48327	no	anglican	freethinker, rationalist, anti-Trinitarian	1685	clergy, scholar	theologian, administrator, philanthropist	Rector of Exeter College, also excommunicated  [does that count as conversion] (1695)
47	48138	Lady Mary Calverley	Lady Mary	Calverley	Lady Mary Calverley	lady	lady	F	1655-01-01T00:00:00Z	England	1702-01-01T00:00:00Z		yes	anglican			titled_nobility		casual friend of locke's - cousin of newtons?
48	48164	William Carr	William	Carr	William Carr			M		England	1689-01-01T00:00:00Z	50531, 50254	no	anglican			professional, secular_official	lawyer	
49	48171	John Cary	John	Cary	John Cary			M	1649-03-01T00:00:00Z	Bristol, county of Bristol, England	1719/22	47883, 48775	no	anglican			professional, secular_official	economics, political_advocate, merchant, pamphleteer, administrator	Wrote against monopolies
50	48207	Jean Chardin	Jean	Chardin	Jean Chardin	knight	knight	M	1641-01-01T00:00:00Z	Paris, Ile-de-France, France	1712-12-25T00:00:00Z	48034	no	huguenot			FRS, professional	foreign_customs, diplomat, merchant	knighted by charles II though a french subject, french
51	48216	William Charleton	William	Charleton	William Charleton, William Courten			M	1642-03-28T00:00:00Z	London, Greater London, England	1702-03-29T00:00:00Z	50233, 50525, 47793, 48260, 48288, 48237	no	anglican			scholar	naturalist, collector, botanist, natural_historian, foreign_customs, numismatist	also a numismatist + medal collector
52	48237	Oliver Cheney	Oliver	Cheney	Oliver Cheney			M		Ireland		48216	no	church_of_ireland			professional	tutor	met locke in montpellier - wrote locke begging letters
53	48243	Charles Cheswell	Charles	Cheswell	Charles Cheswell			M		England		48327, 48330	no				servant, professional	administrator, estate_manager	
54	48245	Rev. Knightly Chetwood	Rev. Knightly	Chetwood	Rev. Knightly Chetwood	dean	dean of gloucester	M	1650-01-01T00:00:00Z	England	1720-01-01T00:00:00Z	48378	no	anglican			clergy, church_official, scholar	translator, poet	
55	48260	Awnsham Churchill	Awnsham	Churchill	Awnsham Churchill			M	1658-05-02T00:00:00Z	Dorchester, Dorset, England	1728-04-28T00:00:00Z	48275, 49409, 47960, 48002, 48045, 48110, 48112, 50364, 50440, 48216, 48887, 48788, 49329, 49632, 49914, 48270, 50390, 48297, 48405, 48935, 48326	no	anglican	freethinker	1682	professional, secular_official	publisher, book_seller, finance, politician	williamite, whig, distant relative of john churchill, but no siginificant connection, knew sam clarke tailor
56	48261	John Churchill, 1st duke of Marlborough	John	Churchill	John Churchill, 1st duke of Marlborough	duke	1st duke of Marlborough	M	1650-05-26T00:00:00Z	Ashe, Devon, England	1722-06-16T00:00:00Z	52531, 47960	no	anglican			soldier, titled_nobility	politician, diplomat, courtier, administrator	extremely Whiggish
57	48270	Edward Clarke	Edward	Clarke	Edward Clarke, Edward the Grave, Standard Clarke			M	1650-09-14T00:00:00Z	England	1710-10-20T00:00:00Z	48272, 48271, 48912, 50306, 50364, 48067, 50610, 48538, 48539, 48775, 47938, 49802, 48260, 48323, 48332	no	anglican			family, professional, secular_official, row_college	education, political_advocate, administrator, politician	husband of mary, whig
58	48271	Elizabeth Clarke	Elizabeth	Clarke	Elizabeth Clarke			F	1682-10-25T00:00:00Z	Chipley, Somerest, England		48270, 48272	no	anglican			family		daughter of edward and mary, married john jones, very dear to locke
59	48272	Mary Clarke	Mary	Clarke	Mary Clarke, née Mary Jepp			F		England	1705-01-01T00:00:00Z	48270, 48271, 49132, 50610, 48538, 48539, 48775, 47938	no	anglican			family, row_college	letter_writer, farming, economics, education	Cousin of Locke's, wife of Edward, together recipients of 'Of Education' letters, lifelong friends, cousins, neighbours, daughter of Elizabeth clarke
60	48274	Richard Clarke	Richard	Clarke	Richard Clarke			M		place unknown			yes				professional	farming	apparently no relative of any of the other clarkes
61	48275	Samuel Clarke	Samuel	Clarke	Samuel Clarke			M		England		48260, 49724, 48067	no				professional	tailor	friend of awnsham churchill's, did not correspond with Boyle, is not to be confused with sam clarke orientalist and theologian, or sam clarke the ethicist
62	48276	William Clarke	William	Clarke	William Clarke			M		England		48034	no	quaker	freethinker	1693	scholar	translator, theologian	
63	48288	John Cockshutt	John	Cockshutt	John Cockshutt			M	1641-01-01T00:00:00Z	England		48216	no				professional	lawyer	
64	48289	Richard Cocks	Richard	Cocks	Richard Cocks			M		England	1802-01-01T00:00:00Z		yes	anglican			secular_official	finance, administrator	"not ""Sir"" Richard cocks - mostly insignificant"
65	48293	William Cole	William	Cole	William Cole			M	1635-01-01T00:00:00Z	England	1716-01-01T00:00:00Z	48034, 50322	no	anglican			professional, scholar	physician, letter_writer	corresponded with, influential with, boyle's circle & sydenham
66	48296	Sir Peter Colleton	Sir Peter	Colleton	Sir Peter Colleton	baronet, knight	baronet, knight	M	1635-09-17T00:00:00Z	Exeter, Devon, England	1694-01-01T00:00:00Z	50546	no	anglican			professional, secular_official	landowner, politician, administrator, finance	
67	48297	Anthony Collins	Anthony	Collins	Anthony Collins			M	1676-06-21T00:00:00Z	Heston, near Hounslow, Greater London, England		47960, 48260	no	anglican	freethinker, deist, atheist, rationalist	1698	scholar	theologian, philosopher, book_collector	invented 'freethinking', lynchpin deist
68	48323	John Conyers	John	Conyers	John Conyers			M	1650-03-06T00:00:00Z	Walthamstow, London, England	1725-03-10T00:00:00Z	48379, 50233, 48270	no	anglican			professional, secular_official	lawyer, landowner, politician, finance	whig
69	48326	Anthony Ashley Cooper, 3rd earl of Shaftesbury	Anthony Ashley	Cooper	Anthony Ashley Cooper, 3rd earl of Shaftesbury	earl	3rd earl of Shaftesbury	M	1671-02-26T00:00:00Z	London, Greater London, England	1713-02-15T00:00:00Z	48327, 49914, 49915, 50251, 50554, 48330, 47749	no	anglican			secular_official, scholar, titled_nobility	philosopher, politician, landowner	whig. Relgious conversion? Served by wheelock
70	48327	Anthony Ashley Cooper, 1st earl of Shaftesbury	Anthony Ashley	Cooper	Anthony Ashley Cooper, 1st earl of Shaftesbury	earl	1st earl of Shaftesbury	M	1621-07-22T00:00:00Z	England	1683-01-21T00:00:00Z	47749, 48326, 48407, 49059, 49071, 49814, 50117, 50305, 50306, 50364, 50546, 48296, 50554, 48330, 50610, 52652, 47759, 47790, 47851, 48109, 48115, 48243	no	anglican			titled_nobility, secular_official	politician	conspirator, served by wheelock
71	48330	Margaret Cooper, countess of Shaftesbury	Margaret	Cooper	Margaret Cooper, countess of Shaftesbury, née Spencer	countess	countess of Shaftesbury	F	1627-01-01T00:00:00Z	England	1693-01-01T00:00:00Z	50554, 48327, 47749, 47851, 48243	no	anglican			titled_nobility		
72	48332	Richard Coote, 1st earl of Bellomont	Richard	Coote	Richard Coote, 1st earl of Bellomont	earl	1st earl of Bellomont	M	1636-01-01T00:00:00Z	Ireland	1701-03-05T00:00:00Z	50540, 48788, 50251, 48270	no	church_of_ireland	anglican	1680	titled_nobility, secular_official	politician, administrator	colonial governer in massachusets
73	48347	Pierre Coste	Pierre	Coste	Pierre Coste			M	1668-10-27T00:00:00Z	Uzès, Cévennes, France	1747-01-27T00:00:00Z	47960	no	reformed			scholar, FRS, church_official	translator, theologian, philosopher	locke's secretary
74	48351	John Covel	John	Covel	John Covel, Colville			M	1638-04-02T00:00:00Z	Horringer, Suffolk, England	1722-12-29T00:00:00Z	48378, 49163, 50390	no	anglican			clergy, professional, scholar	foreign_customs, theologian, linguist, diplomat	
75	48354	Thomas Coxe	Thomas	Coxe	Thomas Coxe			M	1615-01-01T00:00:00Z	England		48034	no	anglican			FRS, scholar, professional	physician, administrator	College of Physicians, phys to Parliamentary army, and to Charles II
76	48362	Joseph Cramphorne	Joseph	Cramphorne	Joseph Cramphorne			M		England		48260	no				professional, secular_official	mill owner	
77	48369	Robert Crosse	Robert	Crosse	Robert Crosse			M	1605-01-01T00:00:00Z	England	1683-12-12T00:00:00Z		yes	anglican			clergy, church_official, scholar	theologian, philosopher	
78	48370	Walter Cross	Walter	Cross	Walter Cross			M		England			yes	anglican			clergy	theologian	
79	48378	Lady Damaris Masham	Lady Damaris	Masham	Lady Damaris Masham, née Cudworth	lady	Lady Masham	F	1658-01-18T00:00:00Z	Cambridge, Cambridgeshire, England	1708-04-20T00:00:00Z	48379, 49714, 49543, 49913, 51114, 47678, 47960, 48245, 48531	no	platonist	freethinker, anglican, rationalist	1682	scholar	philosopher, letter_writer, theologian	locke lived with her for years at Oates. Mother of francis cudworth
80	48379	Francis Cudworth Masham	Francis Cudworth	Masham	Francis Cudworth Masham			M	1686-01-01T00:00:00Z	England	1731-05-25T00:00:00Z	48378, 49543, 49913, 51114, 47678, 47888, 47960, 47938, 48112, 48323	no	anglican			professional, secular_official	administrator, lawyer	son of damaris
81	48382	Alexander Cunningham	Alexander	Cunningham	Alexander Cunningham of Block			M	1654-01-01T00:00:00Z	Scotland	1730-08-31T00:00:00Z	48067, 48110	no	presbyterian			professional, scholar, secular_official	lawyer, translator, book_collector, foreign_customs, classicist, book_seller, tutor	prob studied with graevius
82	48403	Benjamin D'Aranda	Benjamin	D'Aranda	Benjamin D'Aranda			M	1667-01-01T00:00:00Z	England	1740-01-01T00:00:00Z	48405	no	reformed	anglican	1685	clergy, church_official	classicist, lawyer	half-brother of paul
83	48405	Paul D'Aranda	Paul	D'Aranda	Paul D'Aranda			M	1652-01-01T00:00:00Z	England	1712-01-01T00:00:00Z	48403, 48260	no	anglican			professional, secular_official	merchant	half-brother of benjamin, turkey merchant, knew Furly, judge
84	48407	Mrs Ellen Dare	Mrs Ellen	Dare	Mrs Ellen Dare			F		England		48327	no	anglican				political_advocate	wife of thomas dare, revolutionary/conspirator
85	48424	Thomas Davys	Thomas	Davys	Thomas Davys			M		Wales			yes	anglican			servant		welsh, servant of Pieter Adriaanszoon Verduin, locke bought him shirts
86	48425	Thomas Day	Thomas	Day	Thomas Day			M		England		48426	no						father of junior
87	48426	Thomas Day, Junior	Thomas	Day, Junior	Thomas Day, Junior			M		England		48425	no					patient	son of senior, patient of locke's
88	48427	Elizabeth Duke	Elizabeth	Duke	Elizabeth Duke			F	1679-12-06T00:00:00Z	England		48538, 48539, 50610	no	anglican					
89	48454	John Derbie	John	Derbie	John Derbie			M		England			yes						
90	48475	Edmund Dickinson	Edmund	Dickinson	Edmund Dickinson			M	1624-01-01T00:00:00Z	England	1707-04-03T00:00:00Z	48034, 49507	no	anglican			FRS, scholar, professional	physician, chemist, alchemist	
91	48489	John Dod	John	Dod	John Dod			M		England			yes	anglican					locke's neighbour in 1662
92	48493	John Dolben, archbishop of York	John	Dolben	John Dolben, archbishop of York	archbishop	archbishop of York	M	1625-01-01T00:00:00Z	England	1686-04-11T00:00:00Z		yes	anglican			military, clergy, church_official	theologian	
93	48517	Jean Baptiste Du Bos	Jean Baptiste	Du Bos	Jean Baptiste Du Bos			M	1670-12-01T00:00:00Z	Beauvais, Oise, France	1742-01-01T00:00:00Z		yes	catholic			scholar, secular_official, politician	diplomat, lawyer, theologian, historian, art_history	academy francaise member and secretary
94	48538	Isabella Duke	Isabella	Duke	Isabella Duke, née Yonge			F	1650-01-01T00:00:00Z	England	1705-01-01T00:00:00Z	48539, 50610, 48270, 48272, 48775, 48427	no	anglican			row_college	letter_writer, patient	wife of richard, friend and patient, daughter of walter
95	48539	Richard Duke	Richard	Duke	Richard Duke			M	1652-05-02T00:00:00Z	England	1733-01-01T00:00:00Z	48538, 51610, 48270, 48272, 48775, 48427	no	anglican			politician, row_college		
96	48548	Thomas Dummer	Thomas	Dummer	Thomas Dummer			M		England			yes	anglican			professional	merchant, sea_captain	
97	48627	Isabella Elphinstone, Lady Elphinstone	Isabella	Elphinstone	Isabella Elphinstone, Lady Elphinstone	lady	Lady Elphinstone	F	1654-01-01T00:00:00Z	Scotland	1706-01-01T00:00:00Z	49543	no	catholic			titled_nobility		possible conversion? Unknown - tory - scottish catholic
98	48629	Edmund Elys	Edmund	Elys	Edmund Elys			M	1634-01-01T00:00:00Z	England	1708-01-01T00:00:00Z		yes	anglican			clergy, scholar	theologian	didn't swear allegiance to W&M even though himself protestant
99	48649	Sir Stephen Evance	Sir Stephen	Evance	Sir Stephen Evance	knight	knight	M	1654-01-01T00:00:00Z	New Haven, Connecticut, United States of America	1712-01-01T00:00:00Z	50368	no	puritan			professional, politician	finance	
100	48652	Anne Evelegh	Anne	Evelegh	Anne Evelegh			F		England		50449, 49006	no	anglican					
101	48654	Lady Martha Eyre	Lady Martha	Eyre	Lady Martha Eyre	lady	Lady Eyre	F		England	1728-01-01T00:00:00Z	48655, 48656	no	puritan			titled_nobility		Wife of Sir Samuel Eyre
102	48655	Sir Robert Eyre	Sir Robert	Eyre	Sir Robert Eyre	knight	knight	M	1666-01-01T00:00:00Z	England	1735-01-01T00:00:00Z	48654, 48655	no	puritan			titled_nobility, professional, secular_official	lawyer, administrator, politician	son of martha and samuel
103	48656	Sir Samuel Eyre	Sir Samuel	Eyre	Sir Samuel Eyre	knight	knight	M	1638-01-01T00:00:00Z	England	1698-01-01T00:00:00Z	48654, 48655	no	puritan			professional, titled_nobility	administrator, lawyer	husband of martha, father of robert
104	48665	W. Fanshawe	W.	Fanshawe	W. Fanshawe					place unknown			yes						
105	48670	Nicolas Fatio de Duillier	Nicolas	Fatio de Duillier	Nicolas Fatio de Duillier			M	1664-02-16T00:00:00Z	Basle, canton of Basle, Switzerland	1753-01-01T00:00:00Z	49724, 48034	no	protestant	camisard	1706	FRS, scholar, professional	alchemist, mathematician, natural_philosopher, translator, astronomer, newton	
106	48686	John Fell, bishop of Oxford	John	Fell	John Fell, bishop of Oxford	bishop	bishop of Oxford	M	1625-01-01T00:00:00Z	England	1686-01-01T00:00:00Z	47886, 48034	no	protestant			clergy, church_official, secular_official	scholar, administrator	
107	48709	Thomas Firmin	Thomas	Firmin	Thomas Firmin			M	1632-06-01T00:00:00Z	Ipswich, Norfolk, England	1697-01-01T00:00:00Z	49507	no	puritan	freethinker	1676	professional	philanthropist, administrator, latitudinarian	related to john mapletoft
108	48724	Andrew Fletcher of Saltoun	Andrew	Fletcher of Saltoun	Andrew Fletcher of Saltoun			M	1653-01-01T00:00:00Z	Scotland	1716-01-01T00:00:00Z	48726, 47939	no	presbyterian	freethinker	1681	secular_official	politician, political_advocate, book_collector, administrator	brother of henry
109	48726	Henry Fletcher of Saltoun	Henry	Fletcher of Saltoun	Henry Fletcher of Saltoun			M	1654-01-01T00:00:00Z	Scotland		48724	no	presbyterian			professional	administrator, estate_manager	brother of andrew
110	48730	Henry Flower	Henry	Flower	Henry Flower			M		Stockwood, Worcestershire, England			yes	anglican					
111	48754	Edward Fowler, bishop of Gloucester	Edward	Fowler	Edward Fowler, bishop of Gloucester	bishop	bishop of Gloucester	M	1632-01-01T00:00:00Z	England	1714-01-01T00:00:00Z		yes	presbyterian	anglican	1662	clergy, church_official	theologian, political_advocate, latitudinarian	
112	48775	John Freke	John	Freke	John Freke			M	1652-03-18T00:00:00Z	Hilton, Dorset, England	1717-01-01T00:00:00Z	49914, 48538, 48539, 48270, 48272, 50610, 48776, 48171	no	anglican			professional, row_college	lawyer, political_advocate	member of Locke's College
113	48776	Thomas Freke	Thomas	Freke	Thomas Freke			M		place unknown		48775	no						
114	48787	Arent Furly	Arent	Furly	Arent Furly			M		England	1712-01-01T00:00:00Z	48788, 49714, 48789, 49392	no	quaker	anglican	1705	military		son of ben, secretary to general stanhope
115	48788	Benjamin Furly	Benjamin	Furly	Benjamin Furly			M	1636-01-01T00:00:00Z	England	1714-01-01T00:00:00Z	48787, 48789, 49913, 49914, 48034, 48067, 48260, 48332, 49014, 49392	no	anglican	quaker	1655	professional, scholar	theologian, estate_manager, merchant, political_advocate, book_collector, administrator, philosopher, latinist	father of arent
116	48789	Benjohan Furly	Benjohan	Furly	Benjohan Furly			M	1681-01-01T00:00:00Z	England	1738-01-01T00:00:00Z	48787, 48788	no	quaker			professional	merchant, administrator	
117	48824	Francis Gastrell, bishop of Chester	Francis	Gastrell	Francis Gastrell, bishop of Chester	bishop	bishop of Chester	M	1662-05-10T00:00:00Z	Slapton, Northamptonshire, England	1725-01-01T00:00:00Z		yes	anglican			clergy, church_official, scholar	administrator, theologian, political_advocate	
118	48832	Alexander Geekie	Alexander	Geekie	Alexander Geekie			M		England	1727-01-01T00:00:00Z		yes	anglican			FRS, professional	physician, surgeon	
119	48837	Claude Deshais Gendron	Claude Deshais	Gendron	Claude Deshais Gendron			M	1663-01-01T00:00:00Z	France	1750-01-01T00:00:00Z	50390, 48838, 47755	no	catholic			professional, scholar	physician, surgeon	great-nephew of the abbe, french
120	48838	abbé François Gendron	abbé François	Gendron	François Gendron	abbé	abbé	M	1618-04-18T00:00:00Z	Voves, Eure-et-Loir, France	1688-01-01T00:00:00Z	50390, 48837	no	jesuit			clergy, professional	physician, surgeon, philanthropist, missionary	great-uncle of charles, french
121	48854	Johannes Gerrart	Johannes	Gerrart	Johannes Gerrart			M		Cleve, Netherlands			yes				military, professional	spy, foreign_customs, political_advocate	dutch
122	48874	William Glanville	William	Glanville	William Glanville			M	1618-01-01T00:00:00Z	England	1702-01-01T00:00:00Z		yes	anglican			professional, secular_official	administrator	
123	48880	Sir William Godolphin	Sir William	Godolphin	Sir William Godolphin	knight	knight	M	1635-01-01T00:00:00Z	Cornwall, England	1696-01-01T00:00:00Z		yes	anglican	catholic	1671	FRS, secular_official, professional, titled_nobility	lawyer, diplomat, administrator, politician	
124	48887	Charles Goodall	Charles	Goodall	Charles Goodall			M	1642-01-01T00:00:00Z	England	1712-01-01T00:00:00Z	48034, 48260	no	anglican			professional, RCP, scholar	physician, administrator	member of Locke's College
125	48901	Johannes Georgius Grævius	Johannes Georgius	Grævius	Johannes Georgius Gr			M	1632-01-29T00:00:00Z	Naumburg, Saxony-Anhalt, Germany	1702-01-01T00:00:00Z	50232, 50550, 49392	no	lutheran	reformed	1655	scholar	latinist, historian, rhetorician, editor	reformed' is Dutch reform
126	48912	De Grassemare	De	Grassemare				M		France		48270	no				scholar	tutor, education	tutor in Edward Clarke's household
127	48925	Rev. Thomas Grenfeild	Rev. Thomas	Grenfeild	Rev. Thomas Grenfeild			M	1618-01-01T00:00:00Z	England	1671-01-01T00:00:00Z		yes	anglican			clergy		
128	48927	Denis Grenville	Denis	Grenville	Denis Grenville			M	1637-02-13T00:00:00Z	Kilkhampton, Cornwall, England	1703-01-01T00:00:00Z	48063	no	anglican			clergy, church_official	administrator	non-juror
129	48930	Alb. de Greve	Alb. de	Greve	Alb. de Greve			M		Netherlands			yes						
130	48932	Robert Griffith	Robert	Griffith	Robert Griffith			M		Wales			yes						
131	48934	Anne Grigg	Anne	Grigg	Anne Grigg			F		England		48935, 49412, 47946	no	anglican					Possibly married Peter Locke
132	48935	William Grigg	William	Grigg	William Grigg			M		England	1726-01-01T00:00:00Z	48934, 50301, 47946, 48260	no	anglican			clergy		
133	48945	Mevr. Cornelia Maria Guenellon	Mevr. Cornelia Maria	Guenellon	Mevr. Cornelia Maria Guenellon			F	1662-01-01T00:00:00Z	Netherlands		48946	no	remonstrant					wife of Pieter
134	48946	Pieter Guenellon	Pieter	Guenellon	Pieter Guenellon			M	1650-01-01T00:00:00Z	Netherlands	1722-01-01T00:00:00Z	48945, 50473, 50474	no	remonstrant			professional, scholar	physician	husband of cornelia
135	48952	Philippe Guide	Philippe	Guide	Philippe Guide			M		Montpellier, HÃ©rault, France	1718-01-01T00:00:00Z		yes	huguenot			professional, scholar	physician	
136	48955	Lady Elizabeth Guise	Lady Elizabeth	Guise	Lady Elizabeth Guise	lady	lady	F		England			yes				titled_nobility		
137	48969	Laurence Hackett	Laurence	Hackett	Laurence Hackett			M		place unknown			yes	anglican			clergy	administrator	
138	48979	James Hamilton, 6th earl of Abercorn	James	Hamilton	James Hamilton, 6th earl of Abercorn	earl	6th earl of Abercorn	M	1661-01-01T00:00:00Z	Scotland	1734-01-01T00:00:00Z		yes	anglican			titled_nobility, secular_official, military, FRS	administrator, politician, diplomat, finance	
139	48983	Thomas Harborne	Thomas	Harborne	Thomas Harborne			M		place unknown			yes						
140	48987	John Hardy	John	Hardy	John Hardy			M	1680-01-01T00:00:00Z	Garstang, Lancashire, England	1740-01-01T00:00:00Z		yes	presbyterian	anglican	1727	clergy, scholar	tutor, antiquarian	
141	48990	Robert Harley, 1st earl of Oxford	Robert	Harley	Robert Harley, 1st earl of Oxford	earl	1st earl of Oxford	M	1661-12-05T00:00:00Z	London, Greater London, England	1724-01-01T00:00:00Z		yes	presbyterian	anglican	1680	titled_nobility, secular_official	politician, diplomat, book_collector	
142	49000	Henry Hatrell	Henry	Hatrell	Henry Hatrell			M		England	1728-01-01T00:00:00Z		yes	presbyterian			professional	lawyer, tutor, administrator	
143	49005	Benjamin Hawkshaw	Benjamin	Hawkshaw	Benjamin Hawkshaw			M	1672-01-01T00:00:00Z	Dublin, county Dublin, Ireland	1738-01-01T00:00:00Z	49006	no	church_of_ireland			clergy	poet, theologian, latitudinarian	son of elinor
144	49006	Elinor Hawkshaw	Elinor	Hawkshaw	Elinor Hawkshaw, née Elinor Parry			F	1640-01-01T00:00:00Z	Ireland	1690-01-01T00:00:00Z	49005, 49948, 48652	no	church_of_ireland					courted by locke briefly, she married someone else. Née Elinor Parry. Mother of ben
145	49009	Roger Hazard	Roger	Hazard	Roger Hazard			M		place unknown			yes				professional	merchant	fishmonger, cheesemonger, witness to Locke's will
146	49010	James Heane	James	Heane	James Heane			M	1613-01-01T00:00:00Z	place unknown	1655-01-01T00:00:00Z		yes	puritan			military, secular_official	administrator	
147	49014	Franz Mercurius van Helmont	Franz Mercurius van	Helmont	Franz Mercurius van Helmont, Baron van Helmont and Merode in the Holy Roman Empire	baron	Baron van Helmont and Merode	M	1614-10-20T00:00:00Z	Vilvoorde, near Brussels, Brussels capital region, Belgium	1698-01-01T00:00:00Z	48034, 49753, 48788, 49392	no	catholic	cabbalist, quaker	1667, 1675	professional, titled_nobility, scholar	physician, chemist, alchemist, diplomat, tutor, theologian	
148	49031	Thomas Herbert, 8th earl of Pembroke and 5th earl of Montgomery	Thomas	Herbert	Thomas Herbert, 8th earl of Pembroke and 5th earl of Montgomery	earl, earl, knight	8th earl of Pembroke, 5th earl of Montgomery, knight	M	1657-01-01T00:00:00Z	London, Greater London, England	1733-01-01T00:00:00Z		yes	anglican			titled_nobility, secular_official, FRS	administrator, politician, diplomat, collector, antiquarian	Locke's patron, dedicatee of Essay Concerning Human Understanding
149	49042	John Hildesly	John	Hildesly	John Hildesly			M		place unknown			yes						
150	49044	Abraham Hill	Abraham	Hill	Abraham Hill			M	1635-06-01T00:00:00Z	England	1722-01-01T00:00:00Z		yes	anglican			scholar, FRS	administrator, natural_scientist, estate_manager, collector, foreign_customs	Secretary of the FRS, involved in the founding
151	49058	James Hodges	James	Hodges	James Hodges			M		Scotland			yes	presbyterian			clergy	political_advocate, pamphleteer	
152	49059	Rev. Nathaniel Hodges	Rev. Nathaniel	Hodges	Rev. Nathaniel Hodges			M	1634-01-01T00:00:00Z	England	1700-01-01T00:00:00Z	48327, 50291	no	anglican			clergy, scholar	administrator, philosopher	Friend of Locke's from University. NOT to be confused with the physician Nathaniel hodges, 1629-1688. Whom locke I suspect must have known. Lifelong friends. Was the chaplain to Cooper 1st Earl
153	49060	William Hodges	William	Hodges	William Hodges			M		England			yes						tenant and neighbour, possible realtive of nathaniel?
154	49065	Sir William Honywood, 2nd baronet 	Sir William	Honywood	Sir William Honywood, 2nd baronet	knight, baronet	knight, 2nd baronet	M	1654-01-01T00:00:00Z	England	1748-01-01T00:00:00Z		yes	anglican			titled_nobility, secular_official	politician, administrator	
155	49070	Jakob Hochreutiner	Jakob	Hochreutiner	Jacques Horutener			M	1623-09-05T00:00:00Z	St Gallen, canton of St Gallen, Switzerland	1689-01-01T00:00:00Z		yes	reformed			professional, secular_official	diplomat, finance, merchant	
156	49071	John Hoskins	John	Hoskins	John Hoskins			M	1640-01-01T00:00:00Z	Salisbury, England	1705-01-01T00:00:00Z	48327, 47759	no	anglican			FRS, professional	lawyer, poet	I very strongly suspect that this is John Hoskins member of the FRS, which the EE data does not identify him as - I can find no substantiation for the EE account of this figure, and trust the DNB notes over theirs. But an entry to flag. Also the 1st Earl Shaftes' solicitor
157	49073	Lady Ann Howe	Lady Ann	Howe	Lady Ann Howe	lady	Lady Howe	F	1644-01-01T00:00:00Z	England	1690-01-01T00:00:00Z	47749	no	anglican			titled_nobility		Sister of Dorothy Ashley, Countess of Shaftesbury
158	49077	John Hudson	John	Hudson	John Hudson			M	1662-01-01T00:00:00Z	Wythop, near Cockermouth, Cumbria, England	1719-01-01T00:00:00Z		yes	anglican			clergy, scholar	classicist, librarian, book_collector, antiquary, administrator	
159	49088	Mary Huntington	Mary	Huntington	Mary Huntington			F		England			yes	anglican					
160	49089	Robert Huntington, bishop of Raphoe	Robert	Huntington	Robert Huntington, bishop of Raphoe	bishop	bishop of Raphoe	M	1637-01-01T00:00:00Z	Deerhurst, near Tewkesbury, Gloucestershire, England	1701-01-01T00:00:00Z	48034	no	anglican			clergy, church_official	orientalist, foreign_customs, book_collector, antiquary, philosopher, administrator, arabist, Turkey	
161	49095	John Hutton	John	Hutton	John Hutton			M		Caerlaverock, Dumfriesshire, Scotland	1712-01-01T00:00:00Z		yes	episcopalian			professional, FRS, RCP, secular_official	spy, physician, shepherd, administrator, politician, espionage, education, philanthropist	
162	49113	Ayliffe Ivye	Ayliffe	Ivye	Ayliffe Ivye			M		England			yes				professional	physician, chemist	locke's ailing father was his patient
163	49115	John Jackman	John	Jackman	John Jackman			M	1672-01-01T00:00:00Z	Haslemere, Surrey, England	1743-01-01T00:00:00Z		yes	anglican			clergy		
164	49132	Elizabeth Jepp	Elizabeth	Jepp	Elizabeth Jepp			F		England	1665-01-01T00:00:00Z	48272, 50299	no	anglican					Mother of Mary clarke
165	49137	Edward Jocelyn	Edward	Jocelyn	Edward Jocelyn			M	1652-01-01T00:00:00Z	England	1732-01-01T00:00:00Z		yes	anglican			clergy, professional	lawyer, administrator, education	
166	49138	Samuel Jocelin	Samuel	Jocelin	Samuel Jocelin			M		Bishop's Storford, England			yes				professional	merchant, grocer, forwarder	forwarded letters to Oates for Locke
167	49140	James Johnston	James	Johnston	James Johnstoun			M	1655-09-09T00:00:00Z	Scotland	1737-01-01T00:00:00Z	47939	no	presbyterian			secular_official	diplomat, courtier, espionage, spy, politician, administrator, gardening, political_advocate	
168	49163	Henri Justel	Henri	Justel	Henri Justel			M	1620-01-01T00:00:00Z	Paris, Ile-de-France, France	1693-01-01T00:00:00Z	48034, 48531	no	huguenot			scholar, FRS	book_collector, antiquarian, librarian, collector, letter_writer	Assistant keeper of Charles II's manuscripts
169	49175	Peter King, 1st baron King of Ockham	Peter	King	Peter King, 1st Baron King of Ockham	baron	1st baron King of Ockham	M	1669-01-01T00:00:00Z	Exeter, Devon, England	1734-01-01T00:00:00Z	52531	no	presbyterian			titled_nobility, secular_official, family, professional, scholar	politician, lawyer	Locke's first cousin, managed his affairs in london, inherited half his estate. Lod Chancellor and chief justice of England
170	49176	Richard King	Richard	King	Richard King			M	1671-01-01T00:00:00Z	England	1723-01-01T00:00:00Z		yes	anglican			clergy		
171	49181	Timothy Kiplin	Timothy	Kiplin	Timothy Kiplin			M		England			yes				servant		Locke had two correspondents called Timothy Kiplin. This is the father. His son Timothy was Locke's amanuensis after Sylvester Brounower. We need to add the son to the database.
172	49246	Arthur Lane	Arthur	Lane	Arthur Lane			M		place unknown	1700-01-01T00:00:00Z		yes				professional	tutor, administrator, education	
173	49247	Joseph Lane	Joseph	Lane	Joseph Lane			M		place unknown	1700-01-01T00:00:00Z		yes	anglican			professional, secular_official, FRS	administrator, lawyer	
174	49295	Henry Layton	Henry	Layton	Henry Layton			M	1622-01-01T00:00:00Z	Rawdon, Yorkshire, England	1705-01-01T00:00:00Z		yes	freethinker	anglican	1703	clergy, scholar	theologian, philosopher	
175	49308	Jean Le Clerc	Jean	Le Clerc	Jean Le Clerc			M	1657-03-29T00:00:00Z	Geneva, canton of Geneva, Switzerland		49724, 50487, 51697, 47687, 48034, 49392	no	freethinker	remonstrant	1680	clergy, professional, scholar	theologian, philosopher, tutor, classicist, translator, letter_writer	first biographer of locke & longtime friend of locke and newton
176	49326	Dr  Sebastien Le Fevre	Sebastien 	Le Fevre	Dr Le Fevre			M		Anjou. France	1702-01-01T00:00:00Z	47755	no	huguenot			professional, RCP	physician	french
177	49385	I. L.	I.	L.	I. L.					France			yes						Unable to find in EE
178	49387	Robert Liddell	Robert	Liddell	Robert Liddell			M	1645-01-01T00:00:00Z	Durham, England			yes				professional	merchant, banker, finance, administrator	helped found the bank of england
179	49390	Richard Lilburne	Richard	Lilburne	Richard Lilburne			M		England	1684-01-01T00:00:00Z		yes	anglican			secular_official	governor, colonist, poison, foreign_customs	
180	49391	Francis Limborch	Francis	Limborch	Francis Limborch, Frans Van Limborch			M	1676-07-23T00:00:00Z	Netherlands	1738-01-01T00:00:00Z		yes	remonstrant			professional	merchant	
181	49392	Philippus van Limborch	Philippus	van Limborch	Philippus van Limborch			M	1633-06-19T00:00:00Z	Amsterdam, North Holland, Netherlands	1712-01-01T00:00:00Z	50232, 50473, 50487, 48260, 49014, 48901, 49308, 50440, 48788, 48787	no	remonstrant			clergy, scholar	philosopher, theologian, editor, letter_writer, latitudinarian	great friend of locke's especially in re: religious toleration, and when locke was living in holland, cousin of egbertus veen
182	49406	Evan Lloyd	Evan	Lloyd	Evan Lloyd			M		place unknown			yes						
183	49409	George Locke	George	Locke	George Locke			M		England		48260	no				servant		servant of john hurding & awnsham churchill, possible relation, unclear
184	49411	John Locke, Senior	John	Locke, Senior	John Locke, Senior			M	1606-04-29T00:00:00Z	Pensford, Somerset, England	1661-01-01T00:00:00Z	49412, 49413, 49414, 49417	no	puritan			family, military, professional, secular_official	lawyer, administrator, estate_manager	Locke's father
185	49412	Peter Locke	Peter	Locke	Peter Locke			M	1607-07-13T00:00:00Z	Chew Magna, Somerset, England	1686-01-01T00:00:00Z	49411, 48934, 49413, 49414, 49417, 50303, 50301, 50306	no	puritan			family, professional	tanner	married anne grigg, John Locke's uncle, younger brotehr of locke senior
186	49413	Samuel Locke	Samuel	Locke	Samuel Locke			M		England	1715-01-01T00:00:00Z	49412, 49411, 49414, 49417	no	puritan			family, professional	banker, administrator, finance	director of bank of england 1697-8, locke's second cousin
187	49414	William Locke	William	Locke	William Locke			M	1605-01-01T00:00:00Z	Cerne Abbas, Dorset, England	1682-01-01T00:00:00Z	49412, 49413, 49411, 49417, 50535	no				family		second cousin of locke's
188	49415	James Lockhart	James	Lockhart	James Lockhart, 17th Laird of Lee	laird	17th Laird of Lee	M	1675-01-01T00:00:00Z	place unknown	1715-01-01T00:00:00Z		yes	presbyterian			titled_nobility, secular_official	politician	cousin of martha lockhart
189	49416	Lady Martha Lockhart	Lady Martha	Lockhart	Lady Martha Lockhart, Baroness of Murkle and Stevenson			F	1668-01-01T00:00:00Z	England	1752-01-01T00:00:00Z	48110	no	anglican			titled_nobility	courtier	cousin of james lockhart
190	49417	Sir John Lock	Sir John	Lock	Sir John Lock	knight	knight	M		England	1746-01-01T00:00:00Z	49412, 49413, 49414, 49411	no	puritan			family, professional	merchant, administrator, espionage, foreign_customs, Turkey, China	son of samuel locke, possibly second cousin to john locke
191	49448	John Lukin	John	Lukin	John Lukin			M		England			yes				professional	forwarder, merchant	
192	49455	Cornelius Lyde	Cornelius	Lyde	Cornelius Lyde			M	1640-01-01T00:00:00Z	England	1717-01-01T00:00:00Z	47983, 50302	no	anglican			secular_official	finance, administrator	
193	49457	Sir Thomas Lynch	Sir Thomas	Lynch	Sir Thomas Lynch	knight	knight	M		England			yes	anglican			military, secular_official	administrator, colonist, governor, estate_manager	
194	49477	J. Maer	J.	Maer	J. Maer			M		place unknown			yes					chemist	
195	49499	Robert Mandey	Robert	Mandey	Robert Mandey			M		England		47886	no				servant		secretary or amanuensis to George Berkeley, first earl
196	49501	Frances Manners, countess of Rutland	Frances	Manners	Frances Manners, countess of Rutland	countess	countess of Rutland	F	1613-01-01T00:00:00Z	England	1671-01-01T00:00:00Z		yes	anglican			titled_nobility		
197	49505	Samuel Manship	Samuel	Manship	Samuel Manship			M		England	1720-01-01T00:00:00Z		yes				professional	book_seller, publisher	published Essay concerning Human understanding
198	49507	John Mapletoft	John	Mapletoft	John Mapletoft			M	1631-06-15T00:00:00Z	Margaretting, Essex, England	1721-01-01T00:00:00Z	48709, 50322, 48475, 48034	no	anglican			clergy, FRS, professional, scholar	physician, tutor, administrator, latinist, theologian	related to thomas firmin
199	49541	Frideric Marx	Frideric	Marx	Frideric Marx			M		Utrecht, Holland		49657	no	reformed			professional	tutor	tutor to henry morduant, son of charles morduant, 3rd earl
200	49543	Esther Masham	Esther	Masham	Esther Masham			F	1675-01-01T00:00:00Z	England	1721-01-01T00:00:00Z	49741, 48378, 48379, 48627	no	huguenot				foreign_customs	grew up in the house at oates in which locke lived
201	49571	Edmund Meara	Edmund	Meara	Edmund Meara			M	1614-01-01T00:00:00Z	Ormond, county Tipperary, Ireland	1681-01-01T00:00:00Z		yes	church_of_ireland			professional, RCP, scholar	physician	
202	49631	Sir Thomas Molyneux, 1st baronet	Sir Thomas	Molyneux	Sir Thomas Molyneux, 1st baronet	baronet	1st baronet	M	1661-01-01T00:00:00Z	Ireland	1733-01-01T00:00:00Z	49632, 48112	no	church_of_ireland			titled_nobility, FRS, professional, scholar, secular_official	physician, chemist, philosopher, biologist,  politician, naturalist	brother of william, member of dublin philosophical society, intiator of various medical advances in ireland
203	49632	William Molyneux	William	Molyneux	William Molyneux			M	1656-04-17T00:00:00Z	Dublin, county Dublin, Ireland	1698-01-01T00:00:00Z	49631, 48260	no	church_of_ireland	freethinker	1688	FRS, scholar, secular_official	natural_philosopher, physics, politician, political_advocate, optics, astronomer, education, administrator	brother of thomas, founder of dublin philosophical society
204	49656	Carey Mordaunt, countess of Peterborough	Carey	Mordaunt	Carey Mordaunt, countess of Peterborough, née Frazier	countess	countess of Peterborough	F	1658-01-01T00:00:00Z	England	1709-01-01T00:00:00Z	49657	no	anglican			titled_nobility	courtier	wife of charles
205	49657	Charles Mordaunt, 3rd earl of Peterborough and 1st earl of Monmouth	Charles	Mordaunt	Charles Mordaunt, 3rd earl of Peterborough and 1st earl of Monmouth	knight, earl, earl	knight, 3rd earl of Peterborough, 1st earl monmouth	M	1658-01-01T00:00:00Z	England		49541, 49656	no	anglican			titled_nobility, military	diplomat, sea_captain, politician, general, administrator, gardening, patron_letters	husband of carey, corresponded with swift, friend of pope's,  key in the wars in spain
206	49711	Sir Paul Neile	Sir Paul	Neile	Sir Paul Neile	knight	knight	M	1613-01-01T00:00:00Z	London, Greater London, England	1686-01-01T00:00:00Z		yes	anglican			titled_nobility, politician, FRS	courtier, patron_science, optics,	only scholarly text a 'discourse on cider'
207	49712	John Nelson	John	Nelson	John Nelson			M	1653-01-01T00:00:00Z	England	1734-01-01T00:00:00Z		yes	puritan			professional, secular_official	merchant, administrator, governor, colonist, foreign_customs	not related to robert nelson
208	49713	Robert Nelson	Robert	Nelson	Robert Nelson			M	1656-01-01T00:00:00Z	England	1715-01-01T00:00:00Z		yes	anglican			clergy, FRS	philanthropist, astronomer, letter_writer, latitudinarian	not related to john nelson
209	49724	Sir Isaac Newton	Sir Isaac	Newton	Sir Isaac Newton	knight	knight	M	1642-01-01T00:00:00Z	England	1727-01-01T00:00:00Z	49308, 48034, 48670, 49813, 48275, 49914, 51613	no	anglican	freethinker	1670	FRS, scholar, secular_official	mathematician, astronomer, physics, alchemist, optics, theologian, finance, latinist, politician, natural_philosopher, administrator, philosopher	president of the FRS, warden of the Mint
210	49726	Francis Nicholson	Francis	Nicholson	Sir Francis Nicholson	knight	knight	M	1655-11-12T00:00:00Z	Downholme Park, near Marske, Yorkshire, England	1728-01-01T00:00:00Z	47939	no	anglican			FRS, secular_official, military	governor, colonist, philanthropist, administrator	
211	49741	John Norris	John	Norris	John Norris			M	1657-01-02T00:00:00Z	Collingbourne Kingston, Wiltshire, England	1711-01-01T00:00:00Z	49543, 48788, 48378	no	calvinist	anglican	1672	clergy, scholar	theologian, philosopher, poet	
212	49750	Joseph Offley	Joseph	Offley	Joseph Offley			M		place unknown			yes					patient	
213	49753	Henry Oldenburg	Henry	Oldenburg	Henry Oldenburg			M	1619-01-01T00:00:00Z	Bremen, state of Bremen, Germany	1677-01-01T00:00:00Z	48034, 51613, 49014	no	calvinist	anglican	1673	FRS, scholar, professional	theologian, tutor, administrator, letter_writer, diplomat, foreign_customs	Secretary of the FRS, involved in the founding
214	49754	Rev. Richard Old	Rev. Richard	Old	Rev. Richard Old			M	1639-01-01T00:00:00Z	England	1692-01-01T00:00:00Z		yes	anglican			clergy		
215	49767	Sir Hugh Owen, baronet	Sir Hugh	Owen	Sir Hugh Owen, 2nd baronet	knight, baronet	knight, baronet	M	1645-01-01T00:00:00Z	Wales	1699-01-01T00:00:00Z		yes	anglican			titled_nobility, secular_official	politician, administrator	
216	49769	William Owen	William	Owen	William Owen			M	1618-01-01T00:00:00Z	England	1672-01-01T00:00:00Z		yes	anglican			clergy		
217	49770	Sir James Oxenden	Sir James	Oxenden	Sir James Oxenden	baronet, knight	baronet, knight	M	1641-01-01T00:00:00Z	place unknown	1708-01-01T00:00:00Z		yes	anglican			titled_nobility, secular_official	politician, administrator	
218	49779	Thomas Papillon	Thomas	Papillon	Thomas Papillon			M	1623-01-01T00:00:00Z	place unknown	1702-01-01T00:00:00Z	50213	no	huguenot			professional, secular_official	merchant, politician, political_advocate, finance, administrator	
219	49789	John Parry, bishop of Ossory	John	Parry	John Parry, bishop of Ossory	bishop	bishop of Ossory	M	1634-01-01T00:00:00Z	Ireland	1677-01-01T00:00:00Z		yes	church_of_ireland			clergy, church_official	administrator, philanthropist	
220	49791	John Paschal	John	Paschal	John Paschal			M		place unknown			yes				secular_official	administrator, courtier	
221	49793	Passebon		Passebon				M		France			yes				professional	tutor	french
222	49797	John Patrick	John	Patrick	John Patrick			M	1654-01-01T00:00:00Z	London, Greater London, England	1730-01-01T00:00:00Z		yes				scholar, FRS	inventor, longitude, barometers	
223	49800	Louis Paul	Louis	Paul	Louis Paul			M		France	1707-01-01T00:00:00Z		yes				professional	physician, foreign_customs, france, tutor	
224	49802	Robert Pawling	Robert	Pawling	Robert Pawling			M	1635-08-01T00:00:00Z	Oxford, Oxfordshire, England	1709-01-01T00:00:00Z	48112, 48270	no	puritan			professional, secular_official	politician, merchant, administrator, letter_writer	
225	49813	Samuel Pepys	Samuel	Pepys	Samuel Pepys			M	1633-02-23T00:00:00Z	London, Greater London, England	1703-01-01T00:00:00Z	49724, 47790, 47886	no	anglican			FRS, secular_official, military	diarist, administrator, classicist, sea_captain, estate_manager, politician, foreign_customs, france, netherlands, book_collector	secretary of the FRS, then President
226	49814	Andrew Percivall	Andrew	Percivall	Andrew Percivall			M		place unknown	1695-01-01T00:00:00Z	48237	no				military, secular_official	colonist, administrator, estate_manager, 	
227	49818	George Percivall	George	Percivall	George Percivall			M	1637-01-01T00:00:00Z	Ireland	1675-01-01T00:00:00Z		yes	anglican			secular_official	poet, administrator, courtier	
228	49828	Charles Perrott	Charles	Perrott	Charles Perrott			M	1627-01-01T00:00:00Z	place unknown	1677-01-01T00:00:00Z		yes				professional	journalist	
229	49852	John Pickering	John	Pickering	John Pickering			M	1645-01-01T00:00:00Z	place unknown	1703-01-01T00:00:00Z	49853	no				professional	lawyer, pupil	former pupil of locke's at oxford, son of robert
230	49853	Robert Pickering	Robert	Pickering	Robert Pickering			M	1619-01-01T00:00:00Z	place unknown		49852	no				professional	lawyer	father of john
231	49869	Pilliod		Pilliod				M		place unknown			yes	remonstrant			professional	tutor, education	swiss
232	49882	Robert Pitt	Robert	Pitt	Robert Pitt			M	1653-01-01T00:00:00Z	Blandford Forum, Dorset, England	1713-01-01T00:00:00Z	50535	no	anglican			professional, scholar, FRS, RCP	physician, biologist, philanthropist	
233	49895	Edward Pococke	Edward	Pococke	Edward Pococke			M	1648-10-13T00:00:00Z	Childrey, Berkshire, England	1726-01-01T00:00:00Z	49949, 47888, 48034	no	anglican			clergy, scholar	arabist, hebraist	
234	49913	Mary Popple	Mary	Popple	Mary Popple			F		England		49914, 48788, 48378, 48379	no	puritan					wife of william
235	49914	William Popple	William	Popple	William Popple			M	1638-01-01T00:00:00Z	Hull, Yorkshire, England	1708-01-01T00:00:00Z	49913, 48788, 48378, 48379, 48775, 48326, 49724, 50118, 48067, 48260	no	puritan			professional, scholar, secular_official	merchant, amanuensis, latinist, latitudinarian, theologian, political_advocate	secretary to locke on board of trade, husband of mary, father of william jr
236	49915	William Popple, Junior	William	Popple, Junior	William Popple, Junior			M	1666-01-01T00:00:00Z	England	1722-01-01T00:00:00Z	49913, 49914, 48326	no	puritan			secular_official	administrator	son of mary and william popple, secretary of the board of trade…
237	49924	James Pound	James	Pound	Rev. James Pound			M	1669-01-01T00:00:00Z	England	1724-01-01T00:00:00Z		yes	anglican			professional, FRS, clergy	physician, astronomer, foreign_customs, india, china	
238	49926	Charles Powell	Charles	Powell	Charles Powell			M		place unknown			yes						
239	49929	Sir Littleton Powys	Sir Littleton	Powys	Sir Littleton Powys	knight	knight	M	1647-01-01T00:00:00Z	England	1732-01-01T00:00:00Z		yes	anglican			FRS, professional	lawyer	not FRS till 1724
240	49948	Mrs Ellice Price	Mrs Ellice	Price	Mrs Ellice Price			F		Wales		49006	no				servant		servant to elinor hawkshaw/parry
241	49949	Humphrey Prideaux	Humphrey	Prideaux	Humphrey Prideaux			M	1648-05-03T00:00:00Z	Padstow, Cornwall, England	1724-01-01T00:00:00Z	49895	no	anglican			clergy, church_official, scholar	hebraist, editor	
242	49958	Jonas Proast	Jonas	Proast	Jonas Proast			M	1642-01-01T00:00:00Z	place unknown	1710-01-01T00:00:00Z		yes	puritan	anglican	1663	clergy, church_official	political_advocate	antitolerationist, opponent of locke and tillotson's
243	49987	Francis Raulin	Francis	Raulin	Franciscus Raulin			M		France			yes	jesuit			clergy, scholar	physics, philosopher, latinist, foreign_customs, munich, vienna	french
244	50001	Abbé Eusèbe Renaudot	abbé Eusèbe	Renaudot	Eusèbe Renaudot	abbé	abbé	M	1646-01-01T00:00:00Z	Paris, Ile-de-France, France	1720-01-01T00:00:00Z	50390	no	catholic			clergy, scholar	book_collector, arabist, hebraist, orientalist, espionage, courtier, theologian	academy francaise member & president, french
245	50002	Hilary Reneu	Hilary	Reneu	Hilary Reneu			M	1652-01-01T00:00:00Z	Bordeaux, Gironde, France	1713-01-01T00:00:00Z		yes	huguenot			professional	merchant, translator, finance	director of bank of england, french - naturlised to english
246	50051	Richard Roderick	Richard	Roderick	Richard Roderick			M		place unknown			yes						
247	50071	Olaus Rømer	Olaus	Rømer	Olaus Christensen Rømer, Ole Rømer, Romer, Roemer			M	1644-09-25T00:00:00Z	Aarhus, Aarhus Municipality, Denmark	1710-09-19T00:00:00Z	50390	no	lutheran			professional, scholar	astronomer, optics, physics, tutor, mathematician, administrator, philanthropist	danish, royal observatory in paris, tutor to the dauphin, lutheran church of denmark, determined speed of light
248	50082	Thomas Ross	Thomas	Ross	Thomas Ross			M		Wootton Fitzpaine, Dorset, England			yes				professional	physician	
249	50099	Jean Baptiste Rousseau	Jean Baptiste	Rousseau	Jean Baptiste Rousseau			M	1670-04-16T00:00:00Z	Paris, Ile-de-France, France	1741-05-17T00:00:00Z		yes	catholic				courtier, poet, playwright, letter_writer	corresponded with voltaire, french
250	50114	Edmund Rumney	Edmund	Rumney	Edmund Rumney			M	1635-01-01T00:00:00Z	Wrington, Somerset, England	1702-01-01T00:00:00Z		yes				family		writes to locke to ask favours
251	50117	Isaac Rush	Isaac	Rush	Isaac Rush			M		England		48327	no	quaker			secular_official	colonist, administrator, estate_manager, 	
252	50118	Sir James Rushout, baronet	Sir James	Rushout, baronet	Sir James Rushout, baronet	knight, baronet	knight, baronet	M	1644-03-22T00:00:00Z	England	1698-01-01T00:00:00Z	49914	no	reformed	anglican	1661	titled_nobility, secular_official	politician	
253	50167	Johannes Schardius	Johannes	Schardius	J. Schard, Dr. Scardius, Dr. Scardysse			M		Germany			yes				professional, scholar	alchemist, chemist, physician, courtier	
254	50187	James Seamer	James	Seamer	James Seamer			M	1657-01-01T00:00:00Z	England	1739-01-01T00:00:00Z		yes	puritan			professional	merchant, goldsmith, banker, collector, patron_arts	
255	50194	Jakob Schlappritzi	Jakob	Schlappritzi	Jacques Selapris			M		Switzerland	1681-01-01T00:00:00Z		yes	reformed			professional	banker	swiss, locke's banker, st gallen and lyon
256	50198	John Sergeant	John	Sergeant	John Sergeant			M	1623-02-02T00:00:00Z	Barrow upon Humber, Lincolnshire, England	1707-10-20T00:00:00Z		yes	anglican	catholic	1643	clergy, scholar	theologian, philosopher, classicist	antitolerationist, opponent of locke and tillotson's
257	50213	Rev. John Shower	Rev. John	Shower	Rev. John Shower			M	1657-01-01T00:00:00Z	England	1715-06-28T00:00:00Z	49779	no	presbyterian			clergy, professional	theologian, tutor, pamphleteer	married papillon's neice
258	50214	John Shute Barrington, 1st Viscount Barrington	John	Shute Barrington	John Barrington, 1st Viscount Barrington	viscount, baron	1st Viscount Barrington, Baron	M	1678-01-01T00:00:00Z	Theobalds, Hertfordshire, England	1734-12-14T00:00:00Z		yes	puritan			clergy, professional, secular_official, titled_nobility	political_advocate, lawyer, estate_manager, politician, theologian, latitudinarian	pro-tolerationist
259	50218	Caspar Sibelius	Caspar	Sibelius	Caspar Sibelius			M	1646-01-01T00:00:00Z	Goor, Overijssel, Netherlands	1696-01-01T00:00:00Z		yes	reformed			professional	physician, foreign_customs, west_indies, latinist	
260	50232	Mattheus Sladus	Mattheus	Sladus	Mattheus Sladus, Matthew Slade			M	1628-06-09T00:00:00Z	England	1689-12-20T00:00:00Z	48901, 49392, 50440	no	reformed			professional, scholar	physician	
261	50233	Sir Hans Sloane	Sir Hans	Sloane	Sir Hans Sloane	knight	knight	M	1660-04-16T00:00:00Z	Killyleagh, county Down, Ireland	1753-01-11T00:00:00Z	50594, 48216, 48323	no	anglican			FRS, professional, RCP	foreign_customs, west_indies, physician, courtier, administrator, chemist, botanist, letter_writer, collector, patron_arts, patron_sciences, book_collector, philanthropist	president of the FRS, then scretary, correspondant to Acadamie Francais, also academies Gottingen, St. Petersberg, Madrid, Prussia
262	50240	Rev. Humfry Smith	Rev. Humfry	Smith	Rev. Humfry Smith / Rev Humphrey			M	1655-01-01T00:00:00Z	place unknown	1709-01-01T00:00:00Z		yes	anglican			clergy, scholar	orientalist, book_collector	
263	50242	Rabsy Smithsby	Rabsy	Smithsby	Rabsy Smithsby			M	1660-01-01T00:00:00Z	England			yes						
264	50251	John Somers, 1st Baron Somers	John	Somers	John Somers, 1st Baron Somers	baron	1st Baron Somers	M	1651-03-04T00:00:00Z	Worcester, Worcestershire, England	1716-04-26T00:00:00Z	48236, 48322	no	anglican			FRS, secular_official, professional, titled_nobility	lawyer, politician, administrator, patron_arts, collector, book_collector, political_advocate	lord chancellor under william, dedicatee of locke's pamphlets on coinage, president of the FRS, utterly central to whig party for 25yrs following 1688
265	50254	Robert South	Robert	South	Robert South			M	1634-09-04T00:00:00Z	London, Greater London, England		47114, 48164	no	anglican			clergy	courtier, theologian	laudian
266	50255	John Sowter	John	Sowter	John Sowter			M		place unknown			yes					longitude	
267	50262	George Spens	George	Spens	George Spens			M		Scotland			yes				servant	botanist, foreign_customs, france	
268	50263	Edward Spranger	Edward	Spranger	Edward Spranger			M		Northweald Bassett, Epping, England	1704-01-01T00:00:00Z		yes				professional	lawyer	
269	50275	Sir John Stanley	Sir John	Stanley	Sir John Stanley	knight, baronet	knight, baronet	M	1663-01-01T00:00:00Z	England	1744-01-01T00:00:00Z		yes	anglican			titled_nobility, secular_official	administrator	corresponded with steele and swift
270	50292	Frances St John	Frances	St John	Frances St John			F		England		49059	no	anglican				patient	patient and dear friend - called each other father and daughter
271	50299	John Strachey	John	Strachey	John Strachey			M	1634-01-01T00:00:00Z	England	1674-01-01T00:00:00Z	49132	no	anglican			professional	lawyer	
272	50301	Elizabeth Stratton	Elizabeth	Stratton	Elizabeth Stratton			F		England	1699-01-01T00:00:00Z	50303, 48935	no	anglican			family		wife of william, sister of thomas grigg or s-i-l, locke's cousin
273	50302	Peter Stratton	Peter	Stratton	Peter Stratton			M	1674-01-01T00:00:00Z	England	1720-01-01T00:00:00Z	47983	no	anglican			family, professional	mercer, landowner	inherited half locke's goods, other half going to Peter king
274	50303	William Stratton	William	Stratton	William Stratton			M	1650-01-01T00:00:00Z	Stanton Wick, Stanton Drew, Somerset, England	1695-01-01T00:00:00Z	50301, 49412, 57808	no	anglican			family, professional	estate_manager, tanner, steward	husband of elizabeth, locke's cousin, since he married mary locke, daughter of peter
275	50305	Mrs Jane Stringer	Mrs Jane	Stringer	Mrs Jane Stringer			F	1654-01-01T00:00:00Z	England	1740-01-01T00:00:00Z	50306, 48327	no	anglican					wife of thomas
276	50306	Thomas Stringer	Thomas	Stringer	Thomas Stringer			M	1639-01-01T00:00:00Z	England	1702-01-01T00:00:00Z	50305, 48327, 48270, 47790	no	anglican			professional	estate_manager, steward, letter_writer, landowner	husband of jane
277	50322	Thomas Sydenham	Thomas	Sydenham	Thomas Sydenham			M	1624-01-01T00:00:00Z	London, Greater London, England	1689-01-01T00:00:00Z	48034, 49507	no	puritan			professional, scholar, military, RCP	physician, smallpox	
278	50333	John Tatam	John	Tatam	Rev. John Tatam			M		England	1733-01-01T00:00:00Z		yes	anglican			clergy		
279	50348	Thomas Tenison, archbishop of Canterbury	Thomas	Tenison	Thomas Tenison, archbishop of Canterbury	archbishop	archbishop of Canterbury	M	1636-09-29T00:00:00Z	Cottenham, Cambridgeshire, England	1715-12-14T00:00:00Z		yes	anglican			clergy, church_official, scholar	pamphleteer, controversialist, antilatitudinarian, theologian, philanthropist, administrator	whig
280	50364	David Thomas	David	Thomas	David Thomas, Adrian			M	1634-01-01T00:00:00Z	England	1694-01-01T00:00:00Z	50440, 50367, 48327, 48034, 48270, 47983, 48260	no	anglican			professional, scholar	physician, letter_writer, administrator	physician to AAC, 1st earl, lifelong frined of locke's
281	50366	Honor Thomas	Honor	Thomas	Honor Thomas, née Honor Greenhill, Parthenice			M		England	1695-01-01T00:00:00Z	50364, 50376, 50378	no	anglican					sister of John Greenhill, painter and Henry Greenhill, governor
282	50368	Jeremy Thomas	Jeremy	Thomas	Jeremy Thomas			M		place unknown		48649	no				servant		servant to Stephan Evance
283	50369	Samuel Thomas	Samuel	Thomas	Samuel Thomas			M	1627-01-01T00:00:00Z	England	1693-01-01T00:00:00Z		yes	anglican			clergy		non_juror under william in 1691
284	50370	William Thomas	William	Thomas	William Thomas			M		Salisbury, England	1714-01-01T00:00:00Z	50440	no					letter_writer, foreign_customs, west_indies	wrote to swift
285	50371	John Thompson, 1st Baron Haversham	John	Thompson	John Thompson, 1st Baron Haversham	baron	1st Baron Haversham	M	1648-10-01T00:00:00Z	London, Greater London, England	1710-11-01T00:00:00Z		yes	anglican			titled_nobility, professional, secular_official	administrator, lawyer, politician, landowner	erratic tory-whig switches
286	50376	F. Thornehill	F.	Thornehill	F. Thornehill			M		England		50366, 50378	no					patient	brother of Honor
287	50378	Henry Thornehill	Henry	Thornehill	Henry Thornehill			M		Wye, Kent, England	1689-01-01T00:00:00Z	50376, 50366, 47790	no	anglican			professional, secular_official	surveyor, administrator	
288	50383	Samuel Tilly	Samuel	Tilly	Samuel Tilly			M	1651-01-01T00:00:00Z	England	1685-01-01T00:00:00Z	50449	no	anglican			clergy		
289	50384	Christopher Tilson	Christopher	Tilson	Christopher Tilson			M		England			yes	anglican			secular_official	politician, landowner, finance	
290	50386	Matthew Tindal	Matthew	Tindal	Matthew Tindal			M	1657-05-12T00:00:00Z	Bere Ferrers, Devon, England	1733-08-16T00:00:00Z		yes	anglican	catholic, freethinker	1685, 1690	professional, scholar	controversialist, lawyer, theologian, pamphleteer	Hugely influential freethinker- very much a key figure.
291	50390	Nicolas Toinard	Nicolas	Toinard	Nicolas Toinard			M	1629-03-31T00:00:00Z	OrlÃ©ans, Loiret, France	1706-01-05T00:00:00Z	50071, 48838, 50435, 47695, 47755, 47888, 48260, 48351, 50001	no	catholic			scholar	theologian, numismatist, letter_writer, physics, classicist, translator, editor	forwarded letters to and from Paris for locke in the 1680s
292	50403	Gabriel Towerson	Gabriel	Towerson	Gabriel Towerson			M	1635-01-01T00:00:00Z	England	1697-10-14T00:00:00Z	50449	no	anglican			clergy, scholar	theologian	
293	50405	Henry Townshend	Henry	Townshend	Henry Townshend			M	1601-01-01T00:00:00Z	England	1663-01-01T00:00:00Z		yes	anglican			military, secular_official	administrator	
294	50427	Sir William Trumbull	Sir William	Trumbull	Sir William Trumbull	knight	knight	M	1639-08-12T00:00:00Z	Easthampstead Park, Bracknell, Berkshire, England	1716-12-14T00:00:00Z	47884	no	anglican			professional, secular_official, FRS	lawyer, administrator, politician, diplomat, finance, philanthropist	wrote to pope
295	50435	Thomas Tufton, 6th earl of Thanet	Thomas	Tufton	Thomas Tufton, 6th earl of Thanet	earl	6th earl of Thanet	M	1644-08-30T00:00:00Z	England	1729-07-30T00:00:00Z	50390	no	anglican			titled_nobility, secular_official	politician, patient	tory
296	50440	James Tyrrell	James	Tyrrell	James Tyrrell, Musidore			M	1642-05-05T00:00:00Z	London, Greater London, England	1718-06-07T00:00:00Z	50232, 50364, 50370, 48034, 47888, 52531, 48260, 49392	no	anglican	freethinker	1673	secular_official, scholar	theologian, landowner, administrator, judge, lawyer, political_theorist, latitudinarian, political_advocate, historian	whig, one of locke's greatest friends
297	50442	[unknown]		[unknown]						place unknown			yes						Hard to know what to do with this category, especially since EE integrates all unknowns across its database making it very hard for us to filter out only 'Lockean' unknowns
298	50449	William Uvedale	William	Uvedale	William Uvedale			M		Wickham or Bishop's Waltham, Hampshire, England		50383, 48652, 49006, 50403	no	anglican			scholar	poet	
299	50473	Egbertus Veen	Egbertus	Veen	Egbertus Veen			M	1630-01-01T00:00:00Z	Netherlands	1709-01-01T00:00:00Z	49392, 50474, 48946	no	reformed			professional	physician, latinist	dutch
300	50474	Maria Veen	Maria	Veen	Mevr. Maria Veen			F	1638-01-01T00:00:00Z	Netherlands	1690-01-01T00:00:00Z	50473, 48946	no	reformed					dutch
301	50487	Gisbertus Verrijn	Gisbertus	Verrijn	Gisbertus Verrijn, Verryn			M		Netherlands		49392, 49308	no	remonstrant			professional, scholar	physician, latinist, translator	dutch, tried to translate ECHU into latin, cousin of limborch, brother of other verrijn
302	50488	Johannes Verrijn	Johannes	Verrijn	Johannes Verrijn			M		Netherlands	1698-01-01T00:00:00Z	50487, 49329	no	remonstrant			clergy		dutch, cousin of limborch, brother of other verrijn
303	50505	R. Vincent	R.	Vincent	R. Vincent			M		place unknown			yes						french
304	50525	George Walls	George	Walls	Rev. George Walls			M	1645-01-01T00:00:00Z	Worcestershire, England		48216	no	anglican			clergy, scholar	philanthropist	
305	50531	Isaiah Ward	Isaiah	Ward	Isaiah Ward			M	1629-01-01T00:00:00Z	England	1674-01-01T00:00:00Z	48164	no	anglican			professional, scholar	physician, poet, classicist	
306	50535	William Warren	William	Warren	William Warren			M		Dorset, England		49882, 49414	no				family		cousin of william locke
307	50539	Thomas Watkins	Thomas	Watkins	Thomas Watkins			M		England	1699-01-01T00:00:00Z		yes				secular_official	administrator	clerk to the privy seal
308	50540	Thomas Weaver	Thomas	Weaver	Thomas Weaver			M		England	1705-01-01T00:00:00Z	48332	no	anglican			professional	lawyer, colonist, administrator, merchant	board of trade connection to locke
309	50546	Joseph West	Joseph	West	Joseph West			M		England	1691-01-01T00:00:00Z	48327, 48296	no	anglican			military, professional, secular_official	colonist, administrator, governor	
310	50549	Thomas Westrowe	Thomas	Westrowe	Thomas Westrowe			M		England			yes	anglican			professional	lawyer, poet	
311	50550	Hendrik Wetstein	Hendrik	Wetstein	Hendrik Wetstein, born Johann-Heinrich			M	1649-03-15T00:00:00Z	Amsterdam, North Holland, Netherlands	1726-04-04T00:00:00Z	48901, 50606	no	remonstrant			professional, scholar	editor, publisher, book_seller, classicist	
312	50554	John Wheelock	John	Wheelock	John Wheelock			M		England		50364, 48327, 48330, 48326, 48067	no	anglican			servant	estate_manager, 	servant to Locke, AAC 1&3, and dowager Spnser
313	50557	Daniel Whitby	Daniel	Whitby	Daniel Whitby			M	1638-03-24T00:00:00Z	Rushden, Northamptonshire, England	1726-03-21T00:00:00Z		yes	anglican			clergy, scholar	latitudinarian, classicist, theologian, anti_catholic, pamphleteer	
314	50576	George Williamson	George	Williamson	Rev. George Williamson			M	1599-01-01T00:00:00Z	England	1685-01-01T00:00:00Z	50578	no	anglican			clergy		father of a pupil
315	50578	Richard Williamson	Richard	Williamson	Richard Williamson			M		England		50576	no	anglican				pupil	Locke's pupil, george's son
316	50593	Henry Woodward	Henry	Woodward	Henry Woodward			M	1646-01-01T00:00:00Z	Barbados	1690-01-01T00:00:00Z		yes	anglican			professional	physician, translator, interpretor, colonist, administrator	
317	50594	John Woodward	John	Woodward	John Woodward			M	1665-05-01T00:00:00Z	Derbyshire, England	1728-04-25T00:00:00Z	50233	no	anglican			professional, scholar, FRS, RCP	merchant, physician, collector, antiquary, geologist, pamphleteer, natural_history, botanist, book_collector, linen_drapier	Satirised in Memoirs of Martinus Scriblerus
318	50606	John Wynne, bishop of Bath and Wells	John	Wynne	John Wynne, bishop of Bath and Wells	bishop	bishop of Bath and Wells	M	1665-01-01T00:00:00Z	Maes-y-coed, Caerwys, Flintshire, Wales	1743-07-15T00:00:00Z	50550	no	anglican			clergy, church_official, scholar	tutor, editor, theologian, philosopher, book_collector, philanthropist	Popularised ECHU, corresp w/ Swift
319	50609	Elizabeth Beale	Elizabeth	Beale	Elizabeth Beale			F	1663-01-01T00:00:00Z	England		50610	no	presbyterian				patient	sir walter's sister, married bartholomew beale
320	50610	Sir Walter Yonge	Sir Walter	Yonge	Sir Walter Yonge	knight, baronet	knight, 3rd baronet	M	1653-09-01T00:00:00Z	Devon, England	1731-07-18T00:00:00Z	50609, 48327, 48538, 48539, 48270, 48272, 48775	no	presbyterian			secular_official, row_college	politician, administrator	elizabeth beale's brother, part of both 'the row' and 'the college' of parliamentary advisors. Whiggish
321	50861	de Briolay de Beaupreau	de	Briolay de Beaupreau	Abbé de Beaupreau	abbé	abbé	M	1629-01-01T00:00:00Z	Angers, Maine-et-Loire, France	1671-01-01T00:00:00Z		yes	catholic			clergy, professional	physician, philanthropist	
322	51114	Charles Cudworth	Charles	Cudworth	Charles Cudworth			M		England	1684-01-01T00:00:00Z	48378, 48379	no	anglican			professional	colonist, administrator	related to damaris masham and the oates house
323	51271	Mrs Sarah Edwards	Mrs Sarah	Edwards	Mrs Sarah Edwards			F		England			yes					patient	
324	51328	Commissioners of Excise	Commissioners of	Excise	Commissioners of Excise								yes				secular_official	finance, administrator	Not a person per se but a body - what do we do with this entry?
325	51552	Sir Edward Harley	Sir Edward	Harley	Sir Edward Harley	knight	knight	M	1624-10-21T00:00:00Z	Brampton Bryan, Herefordshire, England	1700-12-08T00:00:00Z		yes	puritan			military, professional, secular_official	administrator, lawyer, politician, landowner	
326	51568	Samuel Heathcote	Samuel	Heathcote	Samuel Heathcote			M	1656-01-01T00:00:00Z	England	1708-01-01T00:00:00Z		yes	puritan			professional	merchant, finance, banker, administrator, education	involved in setting up the bank of england, consulted w/ Locke about educating his children
327	51613	Robert Hooke	Robert	Hooke	Robert Hooke			M	1635-07-18T00:00:00Z	Freshwater, Isle of Wight, England	1703-03-03T00:00:00Z	48034, 49753, 52652, 47759	no	anglican			scholar, FRS	administrator, anatomy, natural_philosopher, optics, mathematician, physics, astronomer, chemist, mechanics, surveyor, geologist	secretary of FRS
328	51697	de Juigné-Losé	de	Juigné-Losé	Baron de Champagne et Juigné	baron	Baron de Juignée	M		place unknown		49308	no	catholic			titled_nobility		
329	51711	Richard Kingdon	Richard	Kingdon	Richard Kingdon			M		place unknown			yes	anglican			professional	landowner, colonist, administrator	
330	52192	William Prettyman	William	Prettyman	William Prettyman			M		place unknown	1688-01-01T00:00:00Z		yes				secular_official	administrator	
331	52519	Sir George Treby	Sir George	Treby	Sir George Treby	knight	knight	M	1644-01-01T00:00:00Z	England			yes	anglican			professional, secular_official	politician, lawyer, judge, political_advocate, landowner, latitudinarian, anti_catholic	
332	52531	Catharine Trotter	Catharine	Trotter	née Trotter, but parried Patrick Cockburn			F	1674-08-16T00:00:00Z	London, Greater London, England	1749-05-11T00:00:00Z	48109, 48261, 49175, 48110, 50440	no	anglican	catholic, anglican	1701, 1707	professional, scholar	latinist, philosopher, playwright, pamphleteer	supporter of Locke's over the ECHU
333	52537	William Turnbull	William	Turnbull	William Turnbull			M		place unknown			yes				secular_official	administrator	government work
334	52550	Martine		Martine	Martine			F		England			yes				family	philanthropist	
335	52652	Sir Joseph Williamson	Sir Joseph	Williamson	Sir Joseph Williamson			M	1633-07-25T00:00:00Z	Bridekirk, near Cockermouth, Cumbria, England	1701-10-03T00:00:00Z	48327, 51613	no	anglican			servant, professional, secular_official, FRS	amanuensis, tutor, philanthropist, administrator, espionage, judge, politician, diplomat, foreign_customs, cologne, censor, chemist, theologian, anti_catholic, estate_manager, landowner	president of the FRS
